INSERT INTO `groupe` (`GroupeID`, `Name`) VALUES
(14, 'Vidikovac'),
(15, 'Restoran-Kafic');

INSERT INTO `location` (`LocationID`, `Name`, `Phone`, `Website`, `Image`, `GroupeID`, `Adresa`, `Latitude`, `Longitude`) VALUES
(73, 'Zmajevac', NULL, NULL, '/images/Zmajevac-Vidikovac.webp', 14, 'VC8R+JRW, Zmajevac, Sarajevo 71000', '43.866621617147295', '18.44206844162883'),
(74, 'Žuta tabija', NULL, NULL, '/images/Žuta tabija.webp', 14, 'VC4P+G96, Jekovac, Sarajevo 71000', '43.861447792676934', '18.437647941733733'),
(75, 'Bijela tabija', NULL, NULL, '/images/Bijela tabija.webp', 14, 'Poddžebhana 15, Sarajevo 71000', '43.85948397415847', '18.444571629339567'),
(76, 'Crvena tabija', NULL, NULL, '/images/Crvena tabija.webp', 14, 'VC8Q+6W3, Strošići, Sarajevo 71000', '43.86547093253377', '18.43990650633669'),
(77, 'Trebević vidikovac', NULL, NULL, '/images/Trebevic vidikovac.webp', 14, 'RCRX+9HV, Trebević, Sarajevo 71000', '43.84100511101938', '18.448933325948165'),
(78, 'Avaz Twist Tower', '033 281 350', 'https://avaztwisttower.com/', '/images/Avaz Twist Tower.webp', 14, 'Tešanjska 24A, Sarajevo 71000', '43.86079120400899', '18.401868860179555'),
(79, 'Hum', NULL, NULL, '/images/Hum.webp', 14, NULL, '43.872499600362424', '18.386666685955227');

INSERT INTO `location` (`LocationID`, `Name`, `Phone`, `Adresa`, `Image`, `GroupeID`, `Website`, `Latitude`, `Longitude`) VALUES
(80, 'Caffe "Kamarija-Point of view"', '062 546 496', 'Pod bedemom, Sarajevo 71000', '/images/Caffe Kamarija-Point of view.webp', 15, 'https://www.facebook.com/caffeKamarija/', '43.8609676040137', '18.438594785681662'),
(81, 'Restoran Dženita', '033 498 043', 'Ćulhan 3, Sarajevo 71000', '/images/Restoran Dženita.webp', 15, 'https://www.facebook.com/restorandzenita', '43.859478188877155', '18.43083009749672'),
(82, 'Restoran Kibe Mahala', '033 441 936', 'Vrbanjuša 106, Sarajevo 71000', '/images/Restoran Kibe Mahala.webp', 15, 'https://kibemahala.ba/bs/', '43.871379628665004', '18.42783223641447'),
(83, '4 sobe gospođe Safije', '033 202 745', 'Čekaluša 61, Sarajevo 71000', '/images/4 sobe gospođe Safije.webp', 15, 'https://restoransarajevo.com/?lang=bs', '43.86415178402922', '18.414886871288275'),
(84, 'Restoran Avlija', '033 444 483', 'Avde Sumbula 2, Sarajevo 71000', '/images/Restoran Avlija.webp', 15, 'https://www.avlija.ba/', '43.86363782551615', '18.415998175717736'),
(85, 'Metropolis Family', '033 549 888', 'Dzemala Bijedica St 160, Sarajevo 71000', '/images/Metropolis Family.webp', 15, 'https://metropolis.ba/', '43.85037522714481', '18.354539641793608'),
(86, 'Metropolis', '033 203 315', 'Maršala Tita 21, Sarajevo 71000', '/images/Metropolis.webp', 15, 'http://metropolis.ba/', '43.85898040685868', '18.41912229191129'),
(87, 'Metropolis Midtown', '033 555 888', '71000, Trg Fra Grge Martića 2, Sarajevo 71000', '/images/Metropolis Midtown.webp', 15, 'http://metropolis.ba/', '43.85913508189515', '18.425274015658594'),
(88, 'Metropolis SCC', '033 733 000', 'Vrbanja 1, Sarajevo 71000', '/images/Metropolis SCC.webp', 15, 'http://metropolis.ba/', '43.85562172033928', '18.40715585999512'),
(89, 'Cafe & Restaurant Manolo', '033 205 058', 'Maršala Tita 23, Sarajevo 71000', '/images/Cafe & Restaurant Manolo.webp', 15, 'https://www.facebook.com/manolosarajevo/', '43.85897313380441', '18.41921616154896'),
(90, 'Gastro pub Fabrika', '033 870 871', 'Ferhadija 12, Sarajevo 71000', '/images/Gastro pub Fabrika.webp', 15, 'https://www.instagram.com/gastro_pub_fabrika/', '43.85835028028741', '18.423321759495366'),
(91, 'Vučko', '033 208 028', 'Radićeva 10, Sarajevo 71000', '/images/Vučko.webp', 15, 'https://www.facebook.com/gastropubvucko/', '43.85854091737199', '18.417562418324778'),
(92, 'Gastro PUB VUČKO 2', '061 396 939', 'Kolodvorska 12, Sarajevo 71000', '/images/Gastro PUB VUČKO 2.webp', 15, 'https://www.facebook.com/gastropubvucko/', '43.853862726250526', '18.38543843284426'),

(93, 'Gonul Kahvesi', '033 866 319', 'Timurhanova 3, Sarajevo, Bosnia and Herzegovina', '/images/Gonul Kahvesi.webp', 15, 'https://www.facebook.com/profile.php?id=100063570580369', '43.85586203890324', '18.437748450017573'),
(94, 'Trattoria Uno', '033 875 014', 'Zmaja od Bosne 45, Sarajevo 71000', '/images/Trattoria Uno.webp', 15, 'http://trattoriauno.ba/en/home/', '43.853286597699665', '18.38990781320525'),
(95, 'Monarch', '062 968 444', 'Fra Filipa Lastrića 2A, Sarajevo 71000', '/images/Monarch.webp', 15, 'https://www.facebook.com/monarchsarajevo/', '43.85314397701521', '18.389602370200713'),
(96, 'S One Sky Lounge', '033 954 499', 'Skenderija 1, Sarajevo 71000', '/images/S One Sky Lounge.webp', 15, 'https://s-one.ba/', '43.855662136574715', '18.415196590016276'),
(97, 'BarSa - Pizzeria Restaurant', '033 848 913', 'Sime Milutinovića 12 , Sarajevo, Bosnia and Herzegovina', '/images/BarSa - Pizzeria Restaurant.webp', 15, 'https://www.facebook.com/barsarestaurantandpizzeria/', '43.85817041310605', '18.427051522551945'),
(98, 'Bistro Zdravo', '060 348 2838', 'PC Unipromet, Marka Marulića 2, Sarajevo 71000', '/images/Bistro Zdravo.webp', 15, 'https://bistrozdravo.com/', '43.856193103315746', '18.382973203276155'),
(99, 'Kawa', NULL, 'Dženetića čikma 16, Sarajevo 71000', '/images/Kawa.webp', 15, 'https://www.instagram.com/kawasarajevo/?hl=hr', '43.86020056313695', '18.422999222270146'),
(100, 'Restaurant Kilim', '061 050 808', 'Hrasnička cesta 3, Ilidža', '/images/Restaurant Kilim.webp', 15, 'https://kilim.ba/', '43.82880524569011', '18.305028519363557'),
(101, 'Vapiano', '033 956 954', 'Franca Lehara 2, Sarajevo 71000', '/images/Vapiano.webp', 15, 'https://ba.vapiano.com/bs/home/', '43.85632482495025', '18.40544887526209'),
(102, 'Fuka', NULL, 'Ćemaluša 12, Sarajevo 71000', '/images/Fuka.webp', 15, 'https://www.instagram.com/fuka.sarajevo/', '43.85869229518615', '18.422546703215122'),
(103, 'Tesla Pub', '061 257 666', 'Muvekita 1, Sarajevo 71000', '/images/Tesla Pub.webp', 15, 'https://www.instagram.com/tesla_pub/?hl=hr', '43.85824670965102', '18.42652897522165'),
(104, 'Paper Moon', '033 956 939', 'Hamdije Čemerlića 45, Sarajevo 71000', '/images/Paper moon.webp', 15, 'https://www.facebook.com/papermoonsarajevo/', '43.850024061596365', '18.394436094672894'),
(105, 'DOS HERMANOS', '062 927 921', 'Radićeva 4c, Sarajevo 71000', '/images/DOS HERMANOS.webp', 15, 'https://doshermanos.ba/', '43.857254938987296', '18.417978287364278'),
(106, 'Zlatna ribica', '033 836 348', 'Kaptol 5, Sarajevo 71000', '/images/Zlatna ribica.webp', 15, 'https://zlatna-ribica-bar.business.site/?utm_source=gmb&utm_medium=referral', '43.85931314273149', '18.42187336542797'),
(107, 'Spazio Caffé', '033 209 226', 'Radićeva 11, Sarajevo 71000', '/images/Spacio Caffe.webp', 15, 'https://www.facebook.com/spaziocaffesarajevo/', '43.857314926644435', '18.41728634892766');

INSERT IGNORE INTO `worktime` (`WorkTimeID`, `DayOfWeek`, `OpenTime`, `CloseTime`, `LocationID`) VALUES
(491, 0, '07:00:00', '23:00:00', 78),
(492, 1, '07:00:00', '23:00:00', 78),
(493, 2, '07:00:00', '23:00:00', 78),
(494, 3, '07:00:00', '23:00:00', 78),
(495, 4, '07:00:00', '23:00:00', 78),
(496, 5, '07:00:00', '23:00:00', 78),
(497, 6, '07:00:00', '23:00:00', 78),

(498, 0, '00:00:00', '00:00:00', 73),
(499, 1, '00:00:00', '00:00:00', 73),
(500, 2, '00:00:00', '00:00:00', 73),
(501, 3, '00:00:00', '00:00:00', 73),
(502, 4, '00:00:00', '00:00:00', 73),
(503, 5, '00:00:00', '00:00:00', 73),
(504, 6, '00:00:00', '00:00:00', 73),

(505, 0, '00:00:00', '00:00:00', 74),
(506, 1, '00:00:00', '00:00:00', 74),
(507, 2, '00:00:00', '00:00:00', 74),
(508, 3, '00:00:00', '00:00:00', 74),
(509, 4, '00:00:00', '00:00:00', 74),
(510, 5, '00:00:00', '00:00:00', 74),
(511, 6, '00:00:00', '00:00:00', 74),

(512, 0, '00:00:00', '00:00:00', 75),
(513, 1, '00:00:00', '00:00:00', 75),
(514, 2, '00:00:00', '00:00:00', 75),
(515, 3, '00:00:00', '00:00:00', 75),
(516, 4, '00:00:00', '00:00:00', 75),
(517, 5, '00:00:00', '00:00:00', 75),
(518, 6, '00:00:00', '00:00:00', 75),

(519, 0, '00:00:00', '00:00:00', 76),
(520, 1, '00:00:00', '00:00:00', 76),
(521, 2, '00:00:00', '00:00:00', 76),
(522, 3, '00:00:00', '00:00:00', 76),
(523, 4, '00:00:00', '00:00:00', 76),
(524, 5, '00:00:00', '00:00:00', 76),
(525, 6, '00:00:00', '00:00:00', 76),

(526, 0, '00:00:00', '00:00:00', 77),
(527, 1, '00:00:00', '00:00:00', 77),
(528, 2, '00:00:00', '00:00:00', 77),
(529, 3, '00:00:00', '00:00:00', 77),
(530, 4, '00:00:00', '00:00:00', 77),
(531, 5, '00:00:00', '00:00:00', 77),
(532, 6, '00:00:00', '00:00:00', 77),

(533, 0, '00:00:00', '00:00:00', 79),
(534, 1, '00:00:00', '00:00:00', 79),
(535, 2, '00:00:00', '00:00:00', 79),
(536, 3, '00:00:00', '00:00:00', 79),
(537, 4, '00:00:00', '00:00:00', 79),
(538, 5, '00:00:00', '00:00:00', 79),
(539, 6, '00:00:00', '00:00:00', 79);

INSERT IGNORE INTO `worktime` (`DayOfWeek`, `OpenTime`, `CloseTime`, `LocationID`) VALUES
(0, '07:00:00', '23:00:00', 80),
(1, '07:00:00', '23:00:00', 80),
(2, '07:00:00', '23:00:00', 80),
(3, '07:00:00', '23:00:00', 80),
(4, '07:00:00', '23:00:00', 80),
(5, '07:00:00', '23:00:00', 80),
(6, '07:00:00', '23:00:00', 80),

(0, '08:00:00', '23:00:00', 81),
(1, '08:00:00', '23:00:00', 81),
(2, '08:00:00', '23:00:00', 81),
(3, '08:00:00', '23:00:00', 81),
(4, '08:00:00', '23:00:00', 81),
(5, '08:00:00', '23:00:00', 81),
(6, '08:00:00', '23:00:00', 81),

(0, '11:00:00', '23:00:00', 82),
(1, '11:00:00', '23:00:00', 82),
(2, '11:00:00', '23:00:00', 82),
(3, '11:00:00', '23:00:00', 82),
(4, '11:00:00', '23:00:00', 82),
(5, '11:00:00', '23:00:00', 82),
(6, '00:00:00', '00:00:00', 82),

(0, '00:00:00', '00:00:00', 83),
(1, '12:00:00', '23:00:00', 83),
(2, '12:00:00', '23:00:00', 83),
(3, '12:00:00', '23:00:00', 83),
(4, '12:00:00', '23:00:00', 83),
(5, '12:00:00', '23:00:00', 83),
(6, '12:00:00', '23:00:00', 83),

(0, '08:00:00', '23:00:00', 84),
(1, '08:00:00', '23:00:00', 84),
(2, '08:00:00', '23:00:00', 84),
(3, '08:00:00', '23:00:00', 84),
(4, '08:00:00', '23:00:00', 84),
(5, '08:00:00', '23:00:00', 84),
(6, '00:00:00', '00:00:00', 84),

(0, '08:00:00', '23:00:00', 85),
(1, '08:00:00', '23:00:00', 85),
(2, '08:00:00', '23:00:00', 85),
(3, '08:00:00', '23:00:00', 85),
(4, '08:00:00', '23:00:00', 85),
(5, '08:00:00', '23:00:00', 85),
(6, '10:00:00', '23:00:00', 85),

(0, '08:00:00', '23:30:00', 86),
(1, '08:00:00', '23:30:00', 86),
(2, '08:00:00', '23:30:00', 86),
(3, '08:00:00', '23:30:00', 86),
(4, '08:00:00', '23:30:00', 86),
(5, '09:00:00', '23:30:00', 86),
(6, '10:00:00', '23:00:00', 86),

(0, '08:00:00', '23:30:00', 87),
(1, '08:00:00', '23:30:00', 87),
(2, '08:00:00', '23:30:00', 87),
(3, '08:00:00', '23:30:00', 87),
(4, '08:00:00', '23:30:00', 87),
(5, '09:00:00', '23:30:00', 87),
(6, '10:00:00', '23:00:00', 87),

(0, '08:00:00', '23:30:00', 88),
(1, '08:00:00', '23:30:00', 88),
(2, '08:00:00', '23:30:00', 88),
(3, '08:00:00', '23:30:00', 88),
(4, '08:00:00', '23:30:00', 88),
(5, '09:00:00', '23:30:00', 88),
(6, '10:00:00', '23:30:00', 88),

(0, '08:00:00', '23:30:00', 89),
(1, '08:00:00', '23:30:00', 89),
(2, '08:00:00', '23:30:00', 89),
(3, '08:00:00', '23:30:00', 89),
(4, '08:00:00', '23:30:00', 89),
(5, '08:00:00', '23:30:00', 89),
(6, '09:00:00', '23:00:00', 89),

(0, '10:00:00', '23:59:00', 90),
(1, '10:00:00', '23:59:00', 90),
(2, '10:00:00', '23:59:00', 90),
(3, '10:00:00', '23:59:00', 90),
(4, '10:00:00', '01:00:00', 90),
(5, '11:00:00', '01:00:00', 90),
(6, '14:00:00', '23:59:00', 90),

(0, '08:00:00', '23:59:00', 91),
(1, '08:00:00', '23:59:00', 91),
(2, '08:00:00', '23:59:00', 91),
(3, '08:00:00', '23:59:00', 91),
(4, '08:00:00', '23:59:00', 91),
(5, '09:00:00', '23:59:00', 91),
(6, '10:00:00', '23:59:00', 91),

(0, '09:00:00', '23:59:00', 92),
(1, '09:00:00', '23:59:00', 92),
(2, '09:00:00', '23:59:00', 92),
(3, '09:00:00', '23:59:00', 92),
(4, '09:00:00', '23:59:00', 92),
(5, '09:00:00', '23:59:00', 92),
(6, '10:00:00', '23:59:00', 92),

(0, '12:00:00', '22:00:00', 93),
(1, '12:00:00', '22:00:00', 93),
(2, '12:00:00', '22:00:00', 93),
(3, '12:00:00', '22:00:00', 93),
(4, '12:00:00', '22:00:00', 93),
(5, '12:00:00', '22:00:00', 93),
(6, '12:00:00', '22:00:00', 93),

(0, '10:00:00', '23:00:00', 94),
(1, '10:00:00', '23:00:00', 94),
(2, '10:00:00', '23:00:00', 94),
(3, '10:00:00', '23:00:00', 94),
(4, '10:00:00', '23:00:00', 94),
(5, '10:00:00', '23:00:00', 94),
(6, '00:00:00', '00:00:00', 94),

(0, '07:00:00', '23:59:00', 95),
(1, '07:00:00', '23:59:00', 95),
(2, '07:00:00', '23:59:00', 95),
(3, '07:00:00', '23:59:00', 95),
(4, '07:00:00', '23:59:00', 95),
(5, '07:00:00', '23:59:00', 95),
(6, '00:00:00', '00:00:00', 95),

(0, '08:00:00', '23:59:00', 96),
(1, '08:00:00', '23:59:00', 96),
(2, '08:00:00', '01:00:00', 96),
(3, '08:00:00', '01:00:00', 96),
(4, '08:00:00', '23:59:00', 96),
(5, '08:00:00', '01:00:00', 96),
(6, '08:00:00', '23:59:00', 96),

(0, '09:30:00', '23:00:00', 97),
(1, '09:30:00', '23:00:00', 97),
(2, '09:30:00', '23:00:00', 97),
(3, '09:30:00', '23:30:00', 97),
(4, '09:30:00', '23:30:00', 97),
(5, '10:00:00', '23:30:00', 97),
(6, '12:00:00', '22:00:00', 97),

(0, '10:00:00', '18:00:00', 98),
(1, '10:00:00', '18:00:00', 98),
(2, '10:00:00', '18:00:00', 98),
(3, '10:00:00', '18:00:00', 98),
(4, '10:00:00', '18:00:00', 98),
(5, '10:00:00', '16:00:00', 98),
(6, '00:00:00', '00:00:00', 98),

(0, '08:00:00', '23:00:00', 99),
(1, '08:00:00', '23:00:00', 99),
(2, '08:00:00', '23:00:00', 99),
(3, '08:00:00', '23:00:00', 99),
(4, '08:00:00', '23:00:00', 99),
(5, '08:00:00', '23:00:00', 99),
(6, '10:00:00', '16:00:00', 99),

(0, '08:00:00', '23:00:00', 100),
(1, '08:00:00', '23:00:00', 100),
(2, '08:00:00', '23:00:00', 100),
(3, '08:00:00', '23:00:00', 100),
(4, '08:00:00', '23:00:00', 100),
(5, '08:00:00', '23:00:00', 100),
(6, '08:00:00', '23:00:00', 100),

(0, '08:00:00', '22:00:00', 101),
(1, '08:00:00', '22:00:00', 101),
(2, '08:00:00', '22:00:00', 101),
(3, '08:00:00', '22:00:00', 101),
(4, '08:00:00', '22:00:00', 101),
(5, '08:00:00', '23:00:00', 101),
(6, '08:00:00', '21:00:00', 101),

(0, '08:00:00', '23:00:00', 102),
(1, '08:00:00', '23:00:00', 102),
(2, '08:00:00', '23:00:00', 102),
(3, '08:00:00', '23:00:00', 102),
(4, '08:00:00', '23:00:00', 102),
(5, '00:00:00', '00:00:00', 102),
(6, '00:00:00', '00:00:00', 102),

(0, '09:00:00', '23:59:00', 103),
(1, '09:00:00', '23:59:00', 103),
(2, '09:00:00', '23:59:00', 103),
(3, '09:00:00', '23:59:00', 103),
(4, '09:00:00', '23:59:00', 103),
(5, '09:00:00', '23:59:00', 103),
(6, '09:00:00', '23:59:00', 103),

(0, '08:00:00', '23:00:00', 104),
(1, '08:00:00', '23:00:00', 104),
(2, '08:00:00', '23:00:00', 104),
(3, '08:00:00', '23:00:00', 104),
(4, '08:00:00', '23:00:00', 104),
(5, '08:00:00', '23:00:00', 104),
(6, '00:00:00', '00:00:00', 104),

(0, '07:00:00', '23:00:00', 105),
(1, '07:00:00', '23:00:00', 105),
(2, '07:00:00', '23:00:00', 105),
(3, '07:00:00', '23:00:00', 105),
(4, '07:00:00', '23:00:00', 105),
(5, '07:00:00', '23:00:00', 105),
(6, '07:00:00', '23:00:00', 105),

(0, '14:00:00', '01:30:00', 106),
(1, '14:00:00', '01:30:00', 106),
(2, '14:00:00', '01:30:00', 106),
(3, '14:00:00', '01:30:00', 106),
(4, '14:00:00', '01:30:00', 106),
(5, '14:00:00', '01:30:00', 106),
(6, '13:00:00', '23:59:00', 106),

(0, '07:00:00', '23:00:00', 107),
(1, '07:00:00', '23:00:00', 107),
(2, '07:00:00', '23:00:00', 107),
(3, '07:00:00', '23:00:00', 107),
(4, '07:00:00', '23:00:00', 107),
(5, '07:00:00', '23:00:00', 107),
(6, '12:00:00', '22:00:00', 107);

UPDATE `location` SET `Phone` = '033 745 055' WHERE `LocationID` = 52;